﻿<?xml version="1.0"?>
<doc>
<assembly>
<name>
PictureImport
</name>
</assembly>
<members>
<member name="P:PictureImport.My.Resources.Resources.ResourceManager">
	<summary>
  このクラスで使用されているキャッシュされた ResourceManager インスタンスを返します。
</summary>
</member><member name="P:PictureImport.My.Resources.Resources.Culture">
	<summary>
  厳密に型指定されたこのリソース クラスを使用して、すべての検索リソースに対し、
  現在のスレッドの CurrentUICulture プロパティをオーバーライドします。
</summary>
</member><member name="T:PictureImport.My.Resources.Resources">
	<summary>
  ローカライズされた文字列などを検索するための、厳密に型指定されたリソース クラスです。
</summary>
</member><member name="M:PictureImport.CMsSql.ExecSelect(System.String,System.Data.CommandType,System.Data.SqlClient.SqlParameter[])">
	<summary>    
 执行查询的操作,(有参),参数不限    
 </summary>
	<param name="cmdText">需要执行语句,一般是Sql语句,也有存储过程</param>
	<param name="cmdType">判断Sql语句的类型,一般都不是存储过程</param>
	<param name="paras">传入的参数</param>
	<returns></returns>
	<remarks></remarks>
</member><member name="M:PictureImport.CMsSql.ExecSelect(System.String)">
	<summary>    
 执行查询的操作,(无参)    
 </summary>
	<param name="cmdText">需要执行语句,一般是Sql语句,也有存储过程</param>
	<returns>dataTable,查询到的表格</returns>
	<remarks></remarks>
</member><member name="M:PictureImport.CMsSql.CloseConn(System.Data.SqlClient.SqlConnection)">
	<summary>    
 关闭连接    
 </summary>
	<param name="conn">需要关闭的连接</param>
	<remarks></remarks>
</member><member name="M:PictureImport.CMsSql.CloseCmd(System.Data.SqlClient.SqlCommand)">
	<summary>    
 关闭命令    
 </summary>
	<param name="cmd">需要关闭的命令</param>
	<remarks></remarks>
</member><member name="M:PictureImport.PicImport.InsMPicture(System.String,System.String,System.String,System.Byte[]@)">
	<summary>
 
 Infoを登録する
 </summary>
	<param name="picId">pic_id</param>
	<param name="lineId">line_id</param>
	<param name="picName">pic_name</param>
	<returns>Info</returns>
	<remarks></remarks>
	<history>
		<para>2019/01/07  作成者：李さん 新規作成 </para>
	</history>
</member><member name="M:PictureImport.PicImport.Convert_byte_To_Image(System.Byte[])">
	<summary>
 将二进制图片转为图片
 </summary>
	<remarks></remarks>
</member><member name="M:PictureImport.SqlHelperNew.ExecAddDelUpdate(System.String,System.Data.CommandType,System.Data.SqlClient.SqlParameter[])">
	<summary>    
 执行增删改三个操作,(有参)返回值为Boolean类型,确认是否执行成功    
 </summary>
	<param name="cmdText">需要执行语句,一般是Sql语句,也有存储过程</param>
	<param name="cmdType">判断Sql语句的类型,一般都不是存储过程</param>
	<param name="paras">参数数组,无法确认有多少参数</param>
	<returns></returns>
	<remarks></remarks>
</member><member name="M:PictureImport.SqlHelperNew.ExecAddDelUpdateNo(System.String,System.Data.CommandType)">
	<summary>    
 执行增删改三个操作,(无参)    
 </summary>
	<param name="cmdText">需要执行语句,一般是Sql语句,也有存储过程</param>
	<param name="cmdType">判断Sql语句的类型,一般都不是存储过程</param>
	<returns>Interger,受影响的行数</returns>
	<remarks>2013年2月2日8:19:59</remarks>
</member><member name="M:PictureImport.SqlHelperNew.ExecSelect(System.String,System.Data.CommandType,System.Data.SqlClient.SqlParameter[])">
	<summary>    
 执行查询的操作,(有参),参数不限    
 </summary>
	<param name="cmdText">需要执行语句,一般是Sql语句,也有存储过程</param>
	<param name="cmdType">判断Sql语句的类型,一般都不是存储过程</param>
	<param name="paras">传入的参数</param>
	<returns></returns>
	<remarks></remarks>
</member><member name="M:PictureImport.SqlHelperNew.ExecSelectNo(System.String,System.Data.CommandType)">
	<summary>    
 执行查询的操作,(无参)    
 </summary>
	<param name="cmdText">需要执行语句,一般是Sql语句,也有存储过程</param>
	<param name="cmdType">判断Sql语句的类型,一般都不是存储过程</param>
	<returns>dataTable,查询到的表格</returns>
	<remarks></remarks>
</member><member name="M:PictureImport.SqlHelperNew.ExecSelectNoRtvDataSet(System.String,System.Data.CommandType)">
	<summary>    
 执行查询的操作,(无参)    
 </summary>
	<param name="cmdText">需要执行语句,一般是Sql语句,也有存储过程</param>
	<param name="cmdType">判断Sql语句的类型,一般都不是存储过程</param>
	<returns>dataTable,查询到的表格</returns>
	<remarks></remarks>
</member><member name="M:PictureImport.SqlHelperNew.CloseConn(System.Data.SqlClient.SqlConnection)">
	<summary>    
 关闭连接    
 </summary>
	<param name="conn">需要关闭的连接</param>
	<remarks></remarks>
</member><member name="M:PictureImport.SqlHelperNew.CloseCmd(System.Data.SqlClient.SqlCommand)">
	<summary>    
 关闭命令    
 </summary>
	<param name="cmd">需要关闭的命令</param>
	<remarks></remarks>
</member><member name="T:PictureImport.SqlHelperNew">
	<summary>  
 SqlHelper类是专门提供给广大用户用于高性能、可升级和最佳练习的sql数据操作  
 </summary>
	<remarks></remarks>
</member>
</members>
</doc>